14.602591,9.681282,85.402254,113.037914,54.265049,81.45704,123.438159,62.963819,104.865825,127.687897,72.3013,97.463231,125.509536,76.990182,91.759435,0.000000
10.148572,21.752339,48.512789,102.63214,46.460157,35.375233,118.617206,63.393406,103.113114,119.746234,83.04919,86.296053,112.145987,90.791822,78.197481,0.000000
4.534631,29.141044,66.764566,108.357318,57.640901,87.814694,118.353839,70.301621,101.951843,120.073963,79.920271,94.668782,111.24315,81.488056,93.586938,0.000000
8.358668,39.133555,51.239971,108.18003,58.462851,62.68048,118.675828,84.837158,86.904304,117.869978,110.05755,68.427562,107.355509,125.536301,50.529699,0.000000
6.744948,30.510118,72.644568,112.558976,60.948156,92.154127,120.674354,87.320002,88.640194,121.967889,108.78212,68.525853,110.218886,127.570954,50.753534,0.000000
8.241035,31.208963,39.688875,110.338415,54.165542,82.330584,119.433593,88.817474,87.039885,121.185196,122.206449,58.827483,113.04306,139.976882,38.370794,0.000000
6.122476,29.417826,69.869996,111.530397,62.938283,90.937828,119.095407,89.413962,85.764981,119.910411,106.954271,70.190996,106.553045,125.856675,52.494114,0.000000
10.08719,31.411397,22.891043,109.34487,48.028737,78.72213,119.491842,82.795293,94.45876,120.856578,118.499273,61.503438,111.677298,138.586185,40.572905,0.000000
4.972652,32.173807,68.46814,112.517363,62.264228,89.445573,120.430724,90.360404,85.950229,121.588852,113.44603,65.170482,109.79834,134.111146,45.120069,0.000000
10.10318,30.413121,31.805828,110.036334,49.169888,81.15637,118.991435,89.294537,87.452353,120.129391,125.054465,54.549932,110.559597,145.119891,33.806461,0.000000
6.638367,10.368857,101.18486,116.827246,54.103471,97.611784,126.616396,65.829306,110.128651,131.337751,73.596585,94.588347,127.708097,70.369443,98.286185,0.000000
17.045515,29.764778,22.098625,104.053788,47.314571,57.790679,115.234447,71.677367,103.281661,114.537627,91.655202,77.611782,106.439819,95.994024,74.26249,0.000000
6.175726,7.922162,84.353873,116.077853,54.588181,92.594654,125.917213,65.425312,106.351242,131.296166,71.083749,91.985706,127.639249,61.627862,104.298428,0.000000
13.284441,26.619519,22.107634,105.420342,42.363706,51.003314,118.269018,62.051203,106.470067,117.309311,85.212811,81.684238,108.426228,91.504718,75.99941,0.000000
11.072552,4.809682,53.233377,111.587203,55.252485,83.097941,123.886882,59.954783,98.867607,127.488816,68.268397,91.688084,124.959731,63.796588,91.890584,0.000000
13.217516,19.19838,22.895148,97.764171,60.234575,50.740949,112.754415,70.432394,92.968869,112.941591,88.319784,77.356733,107.402666,91.747059,74.716803,0.000000
8.71024,18.43077,68.145642,112.347353,56.201051,88.603189,120.196741,68.486576,100.559385,123.153261,76.674063,96.277803,118.176948,79.527431,93.105352,0.000000
9.576276,32.190836,29.092028,100.051956,62.958019,65.798367,109.450148,86.167376,87.55221,107.94975,107.031295,68.462256,99.742385,119.351722,53.13019,0.000000
8.190103,23.920831,84.310303,114.080925,56.987922,95.071412,121.548554,77.359778,97.612037,124.052311,87.976764,88.030489,119.618605,100.082401,74.57461,0.000000
9.096115,32.954524,39.125361,101.378382,64.448375,67.235666,109.745289,91.575459,83.983125,108.40193,114.089389,62.705391,99.984308,128.838069,44.974237,0.000000
6.110848,24.845859,84.49967,111.119644,62.920544,93.516344,119.940036,82.718878,92.603517,121.837942,95.747348,81.853506,113.360211,107.331165,69.91552,0.000000
9.119594,30.646144,30.615354,102.618354,62.017462,81.497157,110.816969,89.145893,85.654984,110.056084,114.186217,64.251731,101.903562,127.483789,47.464686,0.000000
6.111897,27.366249,87.880493,111.439811,59.713599,92.990577,119.986695,79.415267,94.595874,122.814639,90.929012,87.114852,115.606523,105.524028,71.455444,0.000000
9.841216,34.220829,40.146865,103.47296,60.377408,80.520844,111.580841,86.499815,89.746118,111.119054,110.400052,67.472618,102.988365,126.543698,47.248247,0.000000
7.208158,20.463922,95.787293,115.318305,54.957465,99.771574,124.584222,71.193488,105.033374,128.090608,81.472565,92.597016,123.896595,86.601498,90.459009,0.000000
9.007645,36.824566,33.668494,104.347365,63.241114,79.288074,111.560651,90.750208,84.214339,110.325888,113.850082,64.160029,101.633057,129.382813,45.858257,0.000000
7.134794,20.412442,89.291015,114.922162,57.752486,96.35735,123.594145,78.133556,96.403397,127.174453,84.97544,89.664017,122.57522,96.142027,80.11378,0.000000
8.349511,35.34976,32.052196,104.454855,64.670324,79.341905,111.601856,93.188082,81.610714,110.789666,115.720725,62.519599,102.290055,130.805427,44.565372,0.000000
5.981799,24.754565,86.743248,114.624899,56.495447,96.325254,121.408038,80.178005,95.685094,122.536604,94.948477,81.820592,115.196652,109.248874,69.037719,0.000000
12.385675,35.498295,37.89412,101.513066,51.957606,68.426398,110.570563,75.762409,99.000999,108.629542,100.309916,75.292465,100.387338,113.248493,58.168082,0.000000
5.361928,24.024369,72.882299,115.103471,57.498575,94.379082,123.243092,77.399122,96.452292,125.637757,88.537185,86.901031,119.515512,94.335502,80.848879,0.000000
10.046898,34.649551,46.157377,102.854201,54.556756,67.650219,110.576857,78.488348,94.182918,109.49122,102.669653,72.666725,100.935523,115.391228,55.289678,0.000000
5.977335,27.330725,85.051939,111.884211,65.606499,92.206269,120.54675,87.774772,88.264077,123.034135,102.395858,74.744943,114.092479,118.0496,57.594765,0.000000
10.218342,28.658344,37.361377,102.485915,51.407326,56.104623,114.358034,74.516007,98.734884,114.017965,95.971339,79.147235,108.325051,103.659473,66.571714,0.000000
4.549349,30.146194,78.204978,112.461273,59.959815,89.115169,120.072495,84.154082,89.502915,121.842092,100.675621,76.587233,112.949796,117.540421,59.661102,0.000000
10.981734,36.186892,42.480391,103.188763,57.154317,73.364476,112.606477,80.944835,94.983335,112.248994,105.472754,70.738028,103.560666,121.119904,51.814874,0.000000
6.450211,27.607186,73.423133,110.249961,61.868137,91.925022,117.514363,87.635953,87.244207,117.672643,105.516603,72.35223,105.767851,126.284791,52.19165,0.000000
8.781796,35.352698,53.563311,102.580616,57.573307,70.800673,113.298388,78.343174,94.005348,114.54444,101.713064,74.300722,108.02362,118.420649,53.937943,0.000000
7.287679,29.353747,60.549664,109.936761,64.321442,91.818398,116.4195,91.990987,83.910479,115.635218,109.658456,67.982066,101.049862,127.172912,50.803413,0.000000
11.520449,37.426356,38.59779,100.827702,56.856728,62.762561,111.606351,74.987974,94.391292,111.305693,97.821015,75.466683,103.56269,113.878343,57.633669,0.000000
7.802836,28.907771,49.760391,107.832736,61.538032,93.134551,115.307295,87.580023,89.10744,114.352048,109.563854,69.666086,99.03706,128.835285,51.728285,0.000000
14.718132,34.781354,30.724593,99.427403,47.740673,57.942286,107.527908,76.187239,100.025282,104.558689,108.236802,68.419564,93.796462,123.670245,48.99114,0.000000
24.327945,36.303495,46.536619,5.28177,2.221114,1.252295,30.774006,140.664813,33.687629,24.298421,144.314806,24.300785,12.147941,146.712021,12.701758,1.000000
31.085995,28.388301,44.652631,12.728452,2.315212,0.846004,49.007478,137.00681,16.760302,114.943171,57.939269,18.018104,117.237501,41.191401,8.608163,1.000000
26.979159,35.833379,41.166743,3.046544,2.569305,0.115108,63.834542,110.011751,33.906559,86.21584,92.425058,29.914042,77.088739,88.143936,16.106659,1.000000
29.329124,28.561126,43.828593,14.712273,1.610157,0.711612,14.979118,168.647025,4.678883,59.830755,108.376628,12.115876,94.01202,72.29167,9.189625,1.000000
23.282611,37.689861,44.834588,5.363199,0.947367,1.86875,23.854114,150.516102,26.431542,14.184472,156.518167,17.037455,17.376271,151.20389,6.637729,1.000000
29.174533,30.229777,47.948113,14.265074,0.530973,1.404954,31.31467,156.343378,4.393309,107.852133,65.062968,6.998089,118.394933,51.587674,5.145563,1.000000
24.842514,32.093818,40.604103,5.573403,1.70572,1.94779,57.22959,113.249802,38.340021,76.500091,101.783956,34.778212,67.238429,98.356272,22.292271,1.000000
26.75688,31.773219,42.667776,14.172355,1.750732,1.04012,10.568845,178.038807,2.004571,24.171382,146.061829,10.721645,61.302723,110.266879,11.656538,1.000000
24.176445,24.097774,38.435639,5.451362,0.583166,1.401547,72.333265,101.805886,37.680581,87.319142,89.623735,35.937011,83.157159,84.652664,26.803403,1.000000
28.54415,33.045382,36.197298,17.103544,2.129373,1.383671,5.531302,161.249652,10.891912,28.702844,132.301003,19.301562,60.627576,105.352217,20.017399,1.000000
23.624673,36.931521,46.252476,3.52352,2.646648,0.997725,59.109385,117.123909,38.483726,81.24949,98.65175,32.093222,68.485441,97.304544,14.266888,1.000000
29.385411,31.221893,44.615254,13.946885,2.225327,1.504594,13.511104,177.527517,1.857712,42.49192,126.57664,9.68017,90.799777,75.981347,6.572991,1.000000
24.864064,36.3786,44.31476,3.309568,3.480053,0.535184,46.58431,128.124318,36.663351,54.245668,123.136693,28.528742,28.700674,135.31357,17.200258,1.000000
30.556081,27.876822,46.549907,13.795672,1.312818,0.649675,30.240966,160.404089,4.070405,90.065216,77.414649,9.262819,119.997701,44.339932,5.329841,1.000000
25.890019,39.083874,45.46293,4.62769,2.303388,1.473534,41.747569,130.96331,37.01606,48.126152,127.472782,28.355903,23.986036,138.768666,16.625493,1.000000
31.872189,31.870795,48.417446,13.284706,1.15514,0.873671,64.592263,124.813006,11.27041,164.780891,20.038227,7.717748,137.387587,24.32565,2.401745,1.000000
23.864826,37.679625,47.835479,5.15117,1.300391,1.444265,30.035042,141.191185,30.275051,24.327027,146.4141,21.74482,12.347739,148.68375,10.998838,1.000000
29.044394,30.667007,46.22185,13.121748,1.032639,0.489269,22.591804,165.829744,1.931566,113.062505,66.917449,6.851142,121.729269,55.022011,6.846291,1.000000
22.696374,31.874915,45.42464,5.434258,0.962748,1.828662,30.83178,140.888615,29.460198,24.726072,146.151638,20.605083,11.365103,149.599895,10.767485,1.000000
28.375639,31.345477,47.030343,12.158099,1.174871,1.128231,17.4269,169.971982,1.554719,80.619884,97.243204,6.729403,101.604318,72.698223,7.974138,1.000000
27.152483,30.790016,48.93983,10.506172,2.38128,1.704614,50.806103,136.059204,14.461372,140.180443,41.033934,12.492616,111.891469,48.193274,5.759061,1.000000
23.981472,40.156807,44.429873,6.416806,1.518845,1.006227,36.581109,136.589209,36.039073,35.892346,136.531917,26.640098,16.119044,141.47177,13.556106,1.000000
33.451331,26.209053,48.308295,11.995788,1.182934,1.195973,53.822324,133.217781,13.648083,139.939416,26.960854,12.376404,122.563964,36.049255,5.210961,1.000000
22.119892,30.461551,43.947682,8.19876,3.035884,0.826348,49.982545,123.169454,41.834481,68.740513,110.44364,37.114312,52.010555,115.409092,20.692644,1.000000
25.660957,29.830416,43.763306,5.599979,0.967185,2.331235,68.703283,104.038332,37.057677,85.992588,94.059801,37.412287,77.574922,93.06355,27.400454,1.000000
26.072188,32.864172,38.517402,15.003186,2.263408,1.801356,4.229414,158.849829,10.325509,30.238133,130.636726,18.003284,58.253458,107.036067,18.71313,1.000000
27.186535,31.153805,40.668304,6.344845,1.006582,1.956907,64.981231,107.764423,35.95498,82.204349,98.346705,33.999403,76.86077,91.866193,25.817093,1.000000
26.548273,32.326405,37.29889,13.879774,1.833472,1.924474,1.855652,158.06062,11.827427,28.417979,132.554622,18.973065,56.928726,108.038253,23.252013,1.000000
24.680488,36.746336,43.906578,7.248035,1.261953,1.447115,51.111669,119.659871,40.272736,50.811967,125.647863,32.380276,22.848033,138.595073,17.640075,1.000000
25.742047,31.323581,33.238307,15.297581,3.200241,2.459173,6.647649,165.266123,6.334708,22.156815,138.991777,13.153167,52.065264,111.84357,14.26375,1.000000
25.590947,37.909303,43.264,6.161893,3.270826,1.217283,50.021803,121.273825,41.356921,49.18992,125.55031,36.160412,25.35218,136.586142,21.230531,1.000000
26.969862,33.378527,36.3923,15.185781,2.632196,2.786708,3.368517,161.033536,7.419471,27.888049,134.3321,15.532578,57.800733,108.540625,18.263055,1.000000
42.900916,45.594885,24.780628,15.342291,9.209077,3.858591,88.592351,65.457873,61.201737,77.877684,83.05277,58.606482,53.605988,76.31995,55.242528,2.000000
24.846743,32.503265,34.091303,16.243051,9.686512,5.659629,95.047424,66.791975,68.124784,91.447101,81.725228,65.672066,76.427452,80.319106,50.629949,2.000000
27.467943,10.120989,10.062575,17.449714,8.299314,6.269834,99.973195,62.549645,71.162067,101.077912,75.259266,73.300733,91.568436,70.444667,63.375862,2.000000
28.801912,11.234875,38.209658,15.737925,2.638586,1.003318,104.635546,60.261667,57.06344,111.426343,71.086846,65.799143,110.775108,68.866291,69.058616,2.000000
44.141221,17.388738,35.867766,12.531817,2.116458,1.608597,110.208995,61.742674,64.109845,118.11407,70.988881,64.203386,118.121456,66.341192,63.340012,2.000000
26.693321,10.876515,41.438275,15.422551,1.139761,3.123839,103.359725,61.985944,64.575656,109.391693,73.101642,70.546649,106.993806,72.389967,67.507786,2.000000
25.43433,36.487518,33.743809,19.108606,10.326831,5.935556,90.324466,83.755806,72.751041,83.688053,92.982681,69.845853,65.709454,93.259235,51.669588,2.000000
27.304592,36.03829,34.460253,20.394274,11.085758,5.102959,87.841314,90.145247,67.680783,82.540231,94.69047,67.77115,65.166285,95.521565,49.014005,2.000000
35.803934,36.76164,29.428545,21.737676,4.793194,0.917108,80.476559,101.741899,47.981443,76.595244,101.734247,42.211755,56.273211,105.468914,24.781837,2.000000
35.646997,38.884976,36.534161,21.552647,6.300106,1.355313,78.108713,102.317176,49.244395,77.962488,96.837019,48.341667,60.016711,100.496952,30.441712,2.000000
31.150304,38.458734,35.454687,17.376536,9.093138,3.599146,88.350586,86.059531,69.97328,80.918055,95.387855,64.103605,62.76908,97.525918,46.632692,2.000000
25.884335,36.727326,35.562287,15.26559,8.936621,5.261956,91.122834,83.354534,74.8195,83.29283,95.753214,67.396332,63.520516,99.403217,49.228666,2.000000
27.541324,36.357936,34.434518,15.038025,8.360061,4.466152,88.408224,85.395918,72.597998,80.837172,98.506245,64.268579,61.257408,99.916236,48.354602,2.000000
28.353197,38.66411,33.576218,16.818147,9.592864,4.830564,88.170982,84.597253,70.736432,81.439078,95.711196,66.211697,64.314667,97.560109,48.863285,2.000000
37.593843,35.201083,35.304296,16.043243,6.431219,0.564013,69.821418,110.564343,44.724833,63.501704,110.375773,40.536726,46.178707,113.814764,26.169653,2.000000
37.154918,41.974917,33.692706,21.780093,2.881784,0.490742,36.683525,151.027655,16.970449,53.575569,141.868269,7.510537,127.487311,56.029264,11.208728,2.000000
35.802593,47.169196,33.421869,19.696688,2.409556,0.5611,61.580004,122.065663,19.554899,149.348377,45.990818,11.915703,154.771184,33.674233,8.130745,2.000000
36.521042,44.173637,34.867287,13.283556,2.659703,0.921025,64.997984,118.694756,31.233313,74.911113,102.593931,24.5223,61.459524,100.272338,7.682792,2.000000
36.607629,40.805371,35.29021,12.465013,6.412517,2.724068,63.684707,115.534952,38.111329,66.98845,104.751969,32.102078,52.232893,106.68219,14.7741,2.000000
28.762989,38.933961,36.830035,14.796025,10.97784,5.209528,89.690647,82.852722,72.708637,82.013976,95.783085,66.316406,59.829106,97.651684,47.769066,2.000000
26.92755,39.141824,37.222697,14.409087,10.92528,5.676816,88.876458,84.653866,70.830215,80.701869,98.137636,64.855906,57.409479,101.761116,45.921829,2.000000
34.595879,36.985844,36.080957,14.050716,7.9722,4.351077,72.344681,101.747294,51.970188,72.239594,99.237154,47.701648,48.385668,106.178686,27.375607,2.000000
37.387068,40.074307,36.545944,13.226739,5.015497,2.805422,66.178755,114.560496,30.413427,85.449877,95.132532,22.265156,68.285245,91.084943,3.674317,2.000000
5.672431,7.621967,3.695055,54.289506,60.948847,31.276101,91.204724,96.249819,68.651075,97.383686,129.38477,54.925462,91.99025,141.899884,30.241554,3.000000
6.984308,11.664945,7.04231,45.276252,60.558408,33.263309,81.279116,99.264665,56.741601,81.33137,110.21369,60.992018,71.501836,109.037665,59.383426,3.000000
5.220685,6.749792,3.886309,48.618036,67.294029,32.23951,87.13427,100.276915,64.772088,90.769185,128.133796,54.428192,84.658941,137.338463,32.927376,3.000000
7.814257,14.307171,2.806801,45.305798,57.339219,28.745098,78.102774,104.76524,55.553408,79.155514,115.149154,56.399467,69.432001,114.870462,52.474396,3.000000
3.775077,6.643523,5.369267,49.852468,69.273166,31.965453,81.510025,105.063343,60.580083,82.35207,128.396214,53.396748,74.155782,138.6619,32.577746,3.000000
8.588689,13.874543,2.43143,46.243181,57.310873,29.246483,78.482724,102.616547,54.700279,80.671702,112.380771,55.983851,71.53438,111.913851,53.871769,3.000000
3.491934,6.290529,9.501575,46.94526,73.897578,27.968942,82.134836,102.28103,64.892011,84.974723,127.973666,52.294534,80.011238,137.830366,35.692249,3.000000
10.216732,16.781834,3.382253,43.756785,63.291365,31.160458,76.472908,105.213817,52.663931,75.694382,118.2049,50.385206,64.081048,121.332707,47.658912,3.000000
0.970459,6.013912,19.027115,61.836585,63.383455,29.572216,93.193491,99.637042,61.760847,98.251129,120.546931,53.972326,92.522035,128.180277,35.338869,3.000000
11.29733,18.742002,2.841013,51.073717,48.07574,21.293044,78.615571,110.271801,49.611898,73.174967,128.106262,44.426957,58.274709,131.999765,40.168881,3.000000
2.557622,4.186107,2.033322,70.671959,46.254454,23.675392,102.510253,99.029203,68.09235,107.134766,128.418453,42.488537,100.006217,125.59823,29.570434,3.000000
8.086177,15.321613,3.663213,59.620184,44.443995,19.724019,82.383268,107.804725,51.882396,74.208551,130.811469,44.578948,55.352101,138.551947,41.826114,3.000000
20.848508,18.408293,27.806375,84.274226,9.611068,36.07214,105.256798,77.707932,102.828149,98.826747,102.963413,64.610368,90.001239,92.980109,68.115558,3.000000
27.194266,43.118861,52.148507,18.639639,55.955634,15.796616,99.485301,57.222803,35.277909,108.901967,96.842729,19.448569,98.017053,54.543483,73.779116,3.000000
30.898052,13.195936,5.296117,26.370914,93.543192,31.069276,110.112771,58.63529,59.648575,140.224459,58.846796,77.853543,143.701401,51.523463,100.78816,3.000000
13.77012,17.495814,25.826534,60.352344,61.412431,16.870561,123.837682,47.596321,79.669973,143.146351,80.323145,87.328178,143.533369,50.401197,119.282056,3.000000
25.533004,10.986263,6.830051,29.068201,82.510311,30.287824,106.824295,65.0985,61.921372,132.380827,65.149487,72.208532,143.836846,57.704154,85.062075,3.000000
16.594125,13.467339,8.42088,41.48803,78.477014,26.090563,113.909768,44.871057,57.239201,134.355525,60.863891,76.455394,144.423129,45.519274,101.595115,3.000000
26.024847,10.62501,4.684888,28.622412,84.092607,27.884806,98.411762,76.556255,57.52381,121.80076,76.348275,65.823234,134.554106,73.799452,75.705254,3.000000
16.745508,12.139375,7.020383,32.041587,84.464803,35.513886,105.632613,60.901766,47.207494,123.522806,69.831671,65.521626,133.986679,56.992405,81.052944,3.000000
26.344249,8.980688,6.760994,26.211225,95.374608,29.034025,94.626924,79.264561,56.389212,120.853466,74.576111,68.48933,133.351694,73.027999,75.870843,3.000000
18.30703,13.430367,11.405953,30.31694,91.679036,31.555144,101.454496,69.354164,47.748332,122.495279,71.087406,62.136146,132.710169,64.241338,67.45087,3.000000
24.725318,8.40538,4.275103,25.119171,100.522037,30.891832,88.459108,78.394092,52.646762,114.9072,73.315478,69.158656,129.560736,68.071574,76.625343,3.000000
19.314692,12.373594,2.044613,29.910518,92.46642,30.573395,109.720302,58.33413,51.409376,129.761715,68.843292,84.560952,140.042179,57.584943,91.953596,3.000000
28.262406,11.926271,5.024421,24.051574,91.970385,34.632075,87.397752,84.829505,53.881932,111.817103,82.736523,64.348659,125.676473,75.0449,71.145892,3.000000
21.029279,13.293031,5.477483,25.954851,96.602469,29.957837,100.011548,65.375561,45.382681,121.35611,73.778898,68.009006,131.727915,67.129029,76.149773,3.000000
26.249459,9.409096,6.081288,25.474815,91.571165,29.337579,90.992689,81.690517,56.368897,115.31541,80.185915,73.856478,129.699067,73.892502,83.461728,3.000000
18.779907,12.516414,2.094984,29.249982,91.837571,30.224576,108.018268,57.881769,56.870714,126.696145,72.034761,85.512812,136.350499,58.249772,90.293466,3.000000
24.036834,8.483894,4.525017,25.086358,90.557381,29.627709,91.901011,79.018301,55.316455,116.301611,77.396302,73.798691,129.437819,71.530847,79.755192,3.000000
18.274563,12.745976,0.837227,28.021008,90.993239,31.445613,107.013443,57.076068,52.346249,126.977166,71.022959,77.615711,136.899831,59.472512,86.351736,3.000000
27.796991,11.671888,5.22245,25.882185,101.465559,32.912931,99.929599,70.715293,61.24219,122.28574,70.52962,76.535216,135.268835,57.880606,86.728574,3.000000
17.828802,12.686479,2.137233,30.699034,87.807317,31.400174,110.736554,59.551796,46.108439,129.270158,75.706419,69.422411,138.610224,67.840387,76.053634,3.000000
25.97606,11.207971,7.491786,26.961628,97.574615,25.731051,92.388975,77.210927,57.016673,114.791905,76.499372,72.870939,127.596429,67.470519,80.732045,3.000000
20.161611,13.701011,1.484415,28.801037,85.295733,33.36071,105.121037,63.557457,57.352783,123.892463,81.044426,75.671517,133.345514,75.010918,76.890067,3.000000
24.732522,11.504136,4.069153,25.538366,91.663398,31.503933,88.702283,76.697763,51.885529,110.664906,80.131255,61.460522,122.760433,70.919323,71.867488,3.000000
19.122051,12.477583,2.435982,30.835851,88.288951,31.433961,110.510462,60.094647,54.401689,129.695705,75.612862,77.933577,138.206445,69.365817,79.293057,3.000000
24.27249,10.07015,4.953491,25.124235,93.016785,30.660108,91.941728,79.291423,56.543496,113.25963,81.080357,71.627994,126.018157,72.669722,82.378325,3.000000
17.534705,10.893451,2.619456,28.752841,83.538234,30.997504,106.690846,52.529556,48.280265,129.229469,70.043849,81.993166,140.519455,60.388501,88.710473,3.000000
24.720853,10.660988,5.14918,24.509816,96.606427,29.267435,93.942776,78.925462,54.463332,115.59679,78.290047,72.109832,128.293204,68.562341,84.050319,3.000000
18.842037,13.008121,2.842355,27.358682,88.123329,29.16099,108.835061,56.312174,49.322624,128.474256,75.378117,75.136354,139.689858,58.313919,92.046967,3.000000
24.775754,11.60782,4.467718,25.916017,96.160612,29.309665,90.056684,79.483414,53.587377,110.216908,80.553861,68.145729,123.966385,67.730344,82.117778,3.000000
18.210225,16.960101,8.519448,34.21286,83.316412,29.900405,110.364988,54.592188,54.46068,130.865804,72.957169,87.841608,141.617973,60.243241,97.313811,3.000000
23.714382,12.314178,4.210784,26.182035,94.289456,28.977429,94.117684,75.404672,53.808142,113.615728,78.43587,72.000044,126.268318,65.595999,88.912,3.000000
19.756945,12.391072,2.73501,29.024184,84.712564,30.670377,106.945622,62.040472,51.194197,124.979296,82.810552,76.301058,135.338472,70.295517,85.332002,3.000000
24.228238,11.832132,7.858703,25.583275,95.571278,28.722558,93.633454,76.657162,57.961908,114.687006,78.21683,75.476704,126.771515,69.901729,87.164987,3.000000
21.301186,12.102127,2.728212,31.586004,85.630004,29.678802,104.682387,63.435072,55.962996,125.227426,76.350661,80.818639,136.083419,68.172288,83.15323,3.000000
7.351918,8.777953,2.489805,43.054924,63.034345,28.686519,86.335732,93.247957,61.825925,90.017758,105.084188,63.516446,81.753614,101.022623,67.816027,3.000000
7.196778,9.853946,4.550392,45.35718,69.280343,25.906884,88.411313,97.594377,69.366068,93.64443,121.643186,61.483533,86.252103,130.565144,36.681757,3.000000
7.93923,9.717231,4.137878,43.276471,60.150382,28.200344,84.78313,95.734693,59.059185,88.509492,107.199656,59.923243,82.279954,101.184047,64.82179,3.000000
6.957101,9.754287,4.64912,48.499815,69.627657,24.261107,92.707438,98.667502,68.027143,99.486589,123.703943,60.427108,92.908534,133.497806,36.520861,3.000000
23.757032,8.140145,5.612884,29.58684,86.306724,27.545836,93.300033,78.492195,54.292576,118.28163,74.406215,70.741233,132.940225,66.379936,85.301207,3.000000
19.145731,13.954695,5.033129,31.420384,80.896833,31.63797,108.243109,63.693396,65.235345,129.641041,92.470016,71.77897,135.549154,82.854995,79.578287,3.000000
24.272866,8.646592,4.340248,25.328157,91.587767,30.686075,87.239677,83.549809,54.573418,108.435776,84.382982,70.454872,122.063634,74.946586,83.332282,3.000000
19.403126,11.90268,3.561282,33.941677,79.263861,28.38235,113.242729,56.08579,66.368417,131.35167,86.994189,80.769509,135.6549,81.714185,77.178355,3.000000
24.049737,8.494491,5.298992,27.684312,84.923274,26.811698,91.148491,81.978636,53.421816,110.842003,85.896719,67.20739,123.577173,74.070828,81.254429,3.000000
16.510804,13.523005,15.76488,38.00146,77.846763,29.997468,116.876459,53.915287,74.939141,132.464095,79.606849,87.283449,134.874026,70.853085,86.233351,3.000000
25.626883,8.190903,8.361637,25.45272,90.34759,28.696335,88.793261,79.260058,52.928974,110.793367,83.76897,66.474182,122.931864,75.607769,78.800788,3.000000
17.04314,12.401561,3.395168,36.936792,75.108791,28.751834,115.722212,57.697753,75.834446,131.744814,93.806367,73.720027,134.658115,85.875365,72.624754,3.000000
24.707586,9.760473,11.655017,28.733557,89.503978,32.243257,94.786521,72.786863,61.574352,115.26184,74.064265,77.884522,124.017682,65.349437,88.938859,3.000000
12.08366,11.213567,4.076861,56.986564,53.589957,23.123556,121.838187,61.083294,89.118727,137.424686,124.99596,50.54432,136.136756,135.145647,38.432219,3.000000
24.204909,10.215043,9.263094,29.241736,90.084465,31.230874,92.451859,71.605493,65.912464,114.280519,75.642192,78.411219,123.213245,68.212995,85.999284,3.000000
11.765394,9.519155,4.037747,56.719434,52.438791,25.098166,118.585186,67.186361,87.616567,133.876891,116.581483,59.726161,134.594798,117.539589,58.574309,3.000000
17.343495,4.38196,8.958777,50.630057,67.314719,29.521165,95.9928,73.02457,55.688018,104.762546,82.64657,69.273509,104.792074,81.509674,77.099819,3.000000
6.948125,6.401202,2.87756,73.327047,33.052681,22.040633,120.168281,96.645398,51.684679,129.507019,140.935255,25.025856,112.630666,156.346794,9.535861,3.000000
8.492383,8.801153,5.783812,48.6623,54.102563,26.702287,82.809522,98.213685,60.179943,86.948659,109.44936,61.890107,79.322631,109.569675,63.276003,3.000000
5.661816,8.351268,8.261775,54.808674,53.261896,29.00692,98.038837,90.793351,75.881414,104.265711,135.552201,44.614723,98.390263,151.555567,22.006279,3.000000
4.92043,8.137404,0.915785,50.45058,53.394302,27.811981,85.825788,95.469105,64.999988,88.082616,111.222829,62.346252,77.978386,111.670438,63.170143,3.000000
5.808158,7.881913,6.519343,61.446941,46.552917,24.758081,103.110139,96.750673,71.459809,108.746845,135.771618,43.752128,101.689134,149.025319,21.664424,3.000000
4.955843,9.438686,1.58046,50.013658,56.194659,28.989735,86.24927,97.177534,62.187969,87.217804,114.451488,60.558821,76.208993,111.666336,60.616115,3.000000
5.627104,8.664911,6.199237,59.381072,44.997928,28.31578,100.570249,102.821153,70.283942,104.890199,142.95858,35.979187,97.35774,156.631335,14.260675,3.000000
16.119046,7.371244,12.242221,52.678693,69.457817,24.302322,103.971435,74.258399,69.273251,121.372757,84.75761,80.628353,126.53636,83.244296,91.232356,3.000000
7.091344,6.370443,10.187131,62.186721,43.441314,25.478033,106.490259,104.175734,63.474713,113.402788,143.347569,32.581115,105.439,161.373038,15.201751,3.000000
19.060318,8.226696,8.592185,47.804878,76.583622,22.867536,112.592817,68.05513,68.505465,131.322971,78.066246,81.060342,138.322964,74.155658,97.152019,3.000000
7.690201,4.994768,9.651645,61.758746,38.523774,25.102732,113.338242,105.89871,58.828423,121.649098,144.325515,30.529503,110.982481,168.337919,8.38976,3.000000
24.2999,7.211972,6.257439,28.078716,92.364058,28.525212,93.19197,78.134993,58.477516,115.133292,78.493471,70.519165,125.947673,72.793386,75.810773,3.000000
14.773072,12.289101,1.921384,46.950728,59.949015,25.313206,116.455285,70.332884,81.118086,130.957696,125.018033,53.316246,129.587669,133.710006,39.980614,3.000000
24.961856,6.141379,8.483744,29.759727,91.657547,27.401476,90.722773,79.275995,57.843513,114.106717,79.899723,72.976574,126.575636,73.679855,80.733232,3.000000
14.580674,10.827722,3.496652,51.785386,54.703695,26.394086,119.122246,74.129823,81.461383,134.237187,129.184419,48.265987,131.008013,153.34662,23.902183,3.000000
20.108823,5.643018,5.012039,37.79806,72.827958,27.565322,98.242471,73.136832,61.02717,122.223063,74.577925,76.062816,131.307655,74.806593,82.095581,3.000000
13.139868,9.114396,3.447344,54.357184,49.92084,26.657999,115.062442,76.800064,77.99538,128.749123,128.485343,48.202616,126.366138,147.751701,28.672263,3.000000
19.185357,5.139966,4.600962,38.583152,72.298837,27.808017,96.313944,72.159223,60.008366,121.479861,72.982953,81.748714,130.740198,73.575368,87.064761,3.000000
12.66486,7.643864,3.511514,59.796069,48.669768,27.260923,115.383876,76.599914,74.411352,130.102953,131.043111,43.900664,128.271505,152.657434,21.799031,3.000000
32.638359,26.766037,17.168791,62.015175,3.862128,7.848007,61.395404,19.287927,8.750785,69.483501,36.269161,12.522861,72.724079,44.476095,13.168594,4.000000
7.782218,5.668254,5.848644,22.264922,4.727834,5.966567,17.319,5.241953,6.988338,12.473918,7.595814,7.300657,12.212469,12.30686,7.701456,4.000000
31.621864,44.964548,20.86921,45.59236,8.999819,4.32,36.986428,12.105229,7.861731,48.65347,25.537074,19.136064,73.541748,33.085722,18.796945,4.000000
6.976305,4.210347,4.43471,23.021439,11.843563,8.650566,21.046543,11.239466,9.322975,11.297942,13.608931,10.142142,4.847458,13.119878,10.440247,4.000000
32.92101,49.394202,24.534803,43.259575,4.522784,4.206743,28.459392,15.469225,5.775429,39.453359,56.101492,6.460791,66.750421,70.030204,21.832226,4.000000
9.878776,4.163869,7.920275,22.061084,6.177203,4.184021,16.253702,7.040671,6.422426,7.622108,9.950063,6.439943,5.263407,13.464255,9.240661,4.000000
30.326068,41.491425,23.485355,42.148307,3.969512,4.523598,22.399964,9.525388,7.89986,43.430113,43.639144,52.848501,72.577901,54.02463,59.474893,4.000000
13.2179,4.660062,5.582128,19.989867,5.963814,5.472622,17.485078,5.709912,6.979835,7.183728,10.204633,6.621401,8.156214,15.595418,8.597028,4.000000
48.163447,32.432397,18.097996,45.491274,173.983839,3.769361,23.971431,151.979558,17.674254,44.291337,127.439983,29.751041,74.908107,104.816689,45.887076,4.000000
12.208893,6.233376,5.225069,21.129986,8.456822,6.934848,17.610877,12.074224,9.156556,9.418946,12.179876,8.328229,5.019599,9.681033,7.076536,4.000000
46.509059,30.525204,26.963332,49.269175,168.23716,6.759624,27.249434,139.849374,29.07401,43.244997,121.074338,37.221301,73.803041,101.41624,51.357323,4.000000
12.757864,6.328192,5.452014,23.080478,9.064297,7.097359,21.340064,11.145028,9.096382,10.951623,11.993026,8.945202,7.828266,13.004761,8.4263,4.000000
43.906258,29.58724,24.000157,51.113489,165.311837,4.912491,28.553705,146.020121,23.637564,38.667065,122.525233,33.714664,70.496274,102.170426,47.510543,4.000000
12.457755,10.172614,4.96278,22.53495,9.230028,7.755082,20.322733,10.353911,9.065782,12.063838,12.093012,9.703069,11.863051,13.88057,8.733121,4.000000
45.394089,29.14769,14.982048,45.170672,174.87698,3.599015,23.936963,145.394542,26.726144,42.693571,120.119001,35.40864,73.134973,99.226377,47.768544,4.000000
15.68673,10.162396,9.364429,13.955115,5.123454,11.060705,2.892324,8.753491,9.538005,7.330814,8.568587,8.029947,11.684176,13.391868,5.094817,4.000000
13.410455,16.547344,28.771396,22.605844,3.040307,5.948662,21.227996,5.44593,6.333623,14.998425,7.921217,8.71887,11.455114,13.892114,6.803462,4.000000
15.712298,16.169607,25.053668,25.742237,2.41897,5.759942,24.099027,4.509809,6.871833,15.36145,5.996605,7.918418,13.193229,12.417213,6.075642,4.000000
14.717827,12.06917,8.668431,15.023881,9.866711,9.463138,8.29543,14.701057,7.419837,10.017589,13.806975,10.21405,19.726161,16.165409,11.631074,4.000000
42.481323,36.571705,28.476383,48.562085,167.167814,7.78575,31.845304,145.400857,25.615174,42.103773,122.417665,34.309292,70.071768,105.456578,45.325863,4.000000
15.391588,13.637565,6.361806,20.27552,3.169908,7.962955,7.609368,8.222805,6.193887,10.689823,9.346945,6.446244,16.536488,13.990289,9.487118,4.000000
42.03931,37.15852,29.236482,48.891488,173.843364,5.166898,30.762417,145.999947,26.774366,42.427576,122.991872,35.103159,71.554281,104.263739,49.499205,4.000000
16.788215,11.86743,8.276586,14.984775,4.697607,6.916772,5.67882,11.616624,7.145872,9.382034,12.952765,10.585974,22.239608,16.113331,13.25767,4.000000
43.316655,38.229537,30.284229,50.251394,168.375815,7.491013,32.593939,144.766767,28.352615,44.872574,122.944841,36.065931,72.340185,107.217457,48.447629,4.000000
15.049754,11.474085,7.373736,15.293587,7.809697,7.880409,12.781632,14.334583,8.462646,11.249817,15.116509,11.378502,17.747236,12.627785,13.261172,4.000000
43.7727,37.4696,29.55084,47.114387,173.981168,9.950273,31.76218,140.701967,31.013918,46.281796,117.729318,40.602646,73.277221,98.183709,55.094514,4.000000
14.527962,9.336159,6.346078,15.105093,8.41544,8.898001,7.451899,10.898611,8.465646,6.932761,10.722188,11.425049,17.156909,16.466429,14.263429,4.000000
42.539925,36.926981,31.73414,48.43054,173.33565,4.712896,31.23523,146.135668,25.142912,45.206039,122.231639,35.897828,73.113044,102.980856,49.864932,4.000000
13.79061,17.34866,8.101552,29.406525,2.670155,4.866731,20.078278,3.077402,3.001246,17.57762,10.836329,2.340584,13.472317,11.78392,4.812886,4.000000
44.408504,37.218996,27.897969,49.273292,168.379269,12.115317,35.589667,130.307354,36.299086,51.45504,113.454128,41.171756,75.009447,94.783863,56.342592,4.000000
13.444033,14.626251,5.412708,23.14446,1.039605,4.915614,13.794963,6.969329,3.97356,12.209851,15.449382,4.700665,13.356858,11.261041,3.048892,4.000000
42.094862,37.238696,31.774083,47.863083,170.159338,13.20272,29.488444,136.740832,34.763293,47.270125,116.477121,42.564049,73.187187,96.34788,58.361181,4.000000
18.135972,10.934918,7.391674,16.520837,4.618022,7.04743,3.883607,9.865919,6.172127,8.917954,13.095979,6.899599,13.81458,15.026226,7.790794,4.000000
45.422787,35.875624,26.797589,46.659191,174.327816,5.719883,32.085188,144.555855,27.744303,47.557924,121.6866,37.883049,73.452883,102.823198,53.22239,4.000000
16.973855,9.886566,8.813576,15.957199,3.877753,6.871707,3.120933,9.899004,6.622259,8.688663,13.271987,9.104128,17.797189,13.599453,12.214388,4.000000
43.040661,39.024177,25.575315,50.192746,173.772908,8.222809,36.144425,133.765539,35.755428,51.639287,113.223529,41.508595,76.487184,95.54323,54.812413,4.000000
18.954005,8.481993,7.097755,14.030834,3.772788,8.997754,11.002386,9.729595,8.694623,11.390026,10.138474,10.972587,28.307361,11.970896,10.56411,4.000000
46.198375,35.511311,26.238564,46.884615,169.387293,18.22467,33.617308,132.589688,37.807168,51.33627,113.732659,42.542365,77.071461,94.918221,56.736384,4.000000
15.360212,7.787877,5.342727,20.529923,4.35442,10.057412,21.059981,9.937133,10.530771,14.852743,7.201706,10.046901,18.60439,10.896832,6.149355,4.000000
44.850512,39.436359,28.353989,41.691587,166.247554,15.689957,30.860604,138.446796,32.288575,51.628986,118.736273,37.813423,76.820098,99.342342,52.434095,4.000000
16.929668,7.071329,4.733451,19.856554,3.971742,10.403454,21.184282,7.265911,7.99275,19.642837,3.600525,6.064596,18.608483,9.901321,4.6088,4.000000
40.567999,40.016766,35.348085,39.841597,158.635127,18.735712,33.014846,136.223785,32.416699,52.437978,119.455154,36.633254,76.182947,99.608129,51.977566,4.000000
14.886341,12.104302,26.606339,23.4355,7.17421,10.32868,19.757858,7.187097,5.776653,19.779317,4.897636,4.70631,19.448048,10.054053,5.330808,4.000000
44.730514,42.849337,26.500446,29.770582,137.455857,42.25359,28.956175,120.717522,51.001253,53.694289,105.85801,51.718716,77.991838,85.115479,66.56504,4.000000
34.381968,41.421365,28.37618,31.574301,139.229658,39.293262,23.13437,115.315791,51.874798,51.354899,103.241705,51.007047,75.595681,85.377926,63.355406,4.000000
4.113821,25.498231,103.200544,71.039687,43.387229,35.865125,144.42345,19.027556,142.129077,151.135935,83.981387,72.421823,143.527348,60.274025,90.52007,5.000000
3.650058,30.015229,97.954785,68.287406,40.948241,46.64747,144.918979,17.538853,135.149387,151.920165,79.421598,76.980326,144.294091,58.487458,92.737341,5.000000
4.885865,21.997554,93.38015,65.345853,51.821728,39.312754,143.654868,21.828091,135.07721,150.659044,66.722683,86.328699,143.761525,44.234459,103.503133,5.000000
7.208658,26.859701,98.799519,71.461172,32.116881,30.361541,146.397031,14.941674,153.558503,153.186115,66.741488,95.204888,143.577421,46.345161,109.179738,5.000000
8.647662,20.780671,100.442123,49.397946,17.458706,20.99905,145.916259,12.686534,146.498127,152.501421,44.879947,119.198606,143.928528,33.503512,118.08162,5.000000
7.239937,17.700852,92.349739,47.065491,20.26784,18.095409,144.770202,15.894736,138.069399,150.987929,45.858201,115.174694,142.550927,32.541114,120.558845,5.000000
14.416616,14.35092,103.252575,43.579903,5.260709,19.309163,149.649471,11.947748,157.213707,157.65258,68.405805,92.866134,148.346189,47.514516,111.929982,5.000000
17.535825,16.317044,108.679837,38.922681,5.778605,15.596953,151.329032,12.616776,146.113213,159.621797,65.190568,90.09613,150.777679,41.557559,113.999394,5.000000
16.709359,16.930433,105.723034,43.974113,7.595779,14.610691,150.071718,6.683165,156.729063,156.858056,44.837911,108.234204,148.965476,30.171525,113.618273,5.000000
13.252928,17.342884,103.402555,44.013789,8.194944,13.772549,148.275006,8.026878,152.003604,155.924117,43.976198,112.300408,149.609961,28.223501,115.079685,5.000000
2.50595,15.160713,100.862049,82.911527,44.821203,35.751515,144.414369,29.983697,126.83029,152.167393,69.916655,94.496477,145.824697,44.791122,120.136311,5.000000
1.646842,28.889666,104.864968,80.504267,27.170989,31.33055,146.460779,27.227387,139.083855,153.551948,110.46513,51.29708,144.166402,100.323222,63.073117,5.000000
1.927286,25.656905,99.17258,64.386713,31.46853,31.443179,142.915035,29.543682,129.816548,150.149639,95.611869,62.731694,142.06876,73.72208,83.488068,5.000000
6.614396,43.446906,83.647334,68.752978,26.042395,32.527219,141.987988,31.178539,134.527149,148.678256,121.778139,42.300285,137.589729,100.169654,62.525253,5.000000
7.581435,31.091478,80.3365,68.866864,33.018241,62.168975,141.581429,54.695555,105.4519,148.636618,139.679324,27.561596,141.526984,131.321139,35.068608,5.000000
9.638966,43.163703,74.378091,72.240221,24.845069,44.250901,140.185378,39.082579,132.600758,146.017476,120.461094,42.065578,134.694851,96.555519,65.075651,5.000000
5.603084,43.40293,80.896151,67.963463,25.159433,31.483412,140.952395,33.632512,133.39552,147.691662,107.834323,55.866602,137.840776,86.322236,77.082002,5.000000
5.521097,42.039528,77.030532,61.302832,24.770603,52.397759,141.174261,26.683858,139.469673,147.87428,93.973835,66.966672,138.777933,65.954146,95.083891,5.000000
27.400994,34.521139,40.612272,3.293832,2.566972,1.135076,18.359246,153.551233,14.692764,98.068742,67.093101,11.437689,92.741688,71.700698,3.615344,6.000000
26.702477,35.522914,39.032711,3.533942,1.38477,0.577633,14.787935,163.73666,13.232675,59.895794,105.40428,9.047898,73.339927,92.169404,2.81895,6.000000
27.683566,34.467582,38.975189,2.653258,1.138219,1.099568,16.795718,162.342836,11.549654,132.131395,35.912984,8.47504,108.883395,57.528611,2.938025,6.000000
27.4448,31.795525,41.082038,4.54941,2.571425,1.064509,9.32046,159.123471,11.562751,44.219301,117.765556,13.542305,65.600263,98.146477,6.775885,6.000000
27.159124,31.071587,41.954406,5.527286,2.2562,1.556517,10.145951,157.846501,12.252583,37.784305,124.811661,13.864553,57.140168,106.752239,7.996736,6.000000
26.78622,32.128106,39.710205,5.232087,2.225179,1.621362,6.1756,165.396067,10.460356,26.427875,135.854768,13.41476,51.198545,113.521238,8.775209,6.000000
27.361071,32.75362,40.366674,5.637362,2.117397,1.420024,7.715028,159.587988,10.531387,27.019964,134.157421,15.654671,44.911484,117.030344,10.517494,6.000000
26.92775,30.130258,39.041709,5.837139,2.706895,0.714293,8.940416,159.152001,12.112934,28.689918,132.26536,14.792504,48.062459,114.110833,8.945945,6.000000
27.52643,33.038929,38.48354,4.94893,2.565426,1.536308,6.397849,160.578272,8.488412,26.810619,134.957774,14.722247,45.376508,116.744772,10.497873,6.000000
26.54442,32.749941,42.573142,5.029673,2.043324,1.990085,5.310555,162.752937,8.313021,25.994159,137.863607,14.363188,44.10832,119.26523,11.113136,6.000000
28.267901,29.498999,39.987834,7.083161,2.653844,1.802104,7.532666,158.287127,9.56446,29.427808,130.728697,18.225401,47.873776,113.271313,12.634882,6.000000
29.085815,30.549846,39.440332,6.072468,2.675067,1.907364,9.443815,155.978183,9.802853,35.180628,125.021584,15.926449,54.984751,104.268223,10.40956,6.000000
27.54126,28.995031,36.794886,6.800309,2.627061,1.90438,10.673744,154.846949,10.630526,34.708877,124.555352,18.056126,52.607624,106.761379,12.540341,6.000000
28.572795,31.135575,37.788609,7.096156,3.192954,1.294329,8.003166,157.715736,8.484222,27.896353,132.053295,17.296391,46.189911,113.935926,13.813575,6.000000
28.061426,31.46972,40.092944,6.158206,2.582438,1.517292,6.559057,160.074354,8.813516,25.26976,136.313767,16.358917,43.005631,119.134133,13.448383,6.000000
27.201074,28.731167,39.280004,5.69826,3.007836,2.68519,7.065147,155.982333,7.382561,28.98321,131.197558,20.165929,47.11811,113.166522,17.804931,6.000000
27.646188,31.121331,37.373287,6.145759,3.107105,2.03474,6.564955,158.67475,7.412188,26.885269,134.133779,17.614791,44.258664,117.152855,15.553185,6.000000
27.129987,30.686126,36.165506,5.878499,2.34991,2.021019,7.334932,158.626617,8.525251,28.88004,130.825183,18.428493,47.708143,111.618014,14.97763,6.000000
27.683374,28.635253,35.970061,6.910135,3.36873,1.856008,7.577957,156.374793,7.902633,30.752867,130.664023,19.312867,49.405332,113.495874,16.585851,6.000000
14.832672,3.720594,1.755208,41.031057,9.165692,9.170336,37.333411,7.531095,4.543254,29.751809,15.613625,5.846096,33.527682,23.482387,7.627976,7.000000
16.961679,4.210283,2.024959,42.611455,8.363602,9.463734,38.282351,8.315113,5.447694,30.309439,15.128507,6.50112,33.138196,22.93612,7.652058,7.000000
11.226396,2.834017,4.105821,40.531386,11.365205,2.696841,37.576153,2.357212,5.255147,27.278328,12.00577,3.822899,46.224272,25.544863,5.851167,7.000000
15.565424,4.057375,1.802832,41.692356,8.727238,8.344403,39.462481,8.262112,5.066905,30.903565,16.321864,6.252586,30.99931,24.986569,7.905967,7.000000
14.838255,3.987197,2.598294,39.216998,9.111184,8.820548,36.828681,7.378229,4.745139,27.784049,15.748511,5.147677,32.537811,23.918819,5.821913,7.000000
9.293119,5.247931,1.469388,31.29479,15.434245,7.764624,30.366771,6.228296,4.660388,28.956656,18.67527,1.252303,36.335262,37.772198,1.707155,7.000000
8.380535,6.828171,3.507864,6.461585,6.425966,3.360216,14.577595,5.235391,12.748445,23.797665,19.51736,8.70533,12.072508,42.89372,10.293872,7.000000
10.030307,5.019793,3.87494,4.721908,4.889408,3.559288,16.210008,9.475594,14.09191,21.443639,16.287928,8.31943,3.137792,29.150944,12.609478,7.000000
3.107354,2.895984,3.405122,19.324552,16.314409,14.416916,15.607171,5.347198,10.93187,30.739363,12.005976,12.731296,48.5899,15.731358,11.729964,7.000000
3.402656,3.826521,3.97427,4.745456,3.548745,4.027873,18.84156,9.457212,7.067141,23.578256,30.582328,1.870619,30.380201,44.255389,4.350824,7.000000
7.121766,4.497147,7.884187,18.557149,10.387177,12.54818,11.52995,6.494636,11.759728,17.111138,14.763002,14.044476,37.551004,19.034259,14.072684,7.000000
6.934188,1.898565,14.085421,3.122017,2.838463,3.458324,14.83181,12.771318,5.662427,23.3432,32.718657,0.445958,38.042701,41.745537,3.079884,7.000000
7.852505,13.882907,41.816225,9.324773,4.393661,5.862018,8.629445,15.118715,5.568917,21.750885,41.65053,20.366585,24.989897,22.87907,52.579624,7.000000
5.281231,4.145364,7.421805,27.453955,6.82497,9.13255,20.486754,11.83096,8.837026,6.16892,10.708555,9.815355,28.834326,13.073644,8.080553,7.000000
7.691871,2.495917,14.193518,6.043878,5.12293,5.105147,2.81863,6.674606,4.935114,9.625412,15.832217,4.983047,20.451504,32.406314,5.826727,7.000000
8.920698,3.448501,12.316027,25.84242,20.954537,8.436755,19.150794,5.930092,7.612668,5.330331,9.308965,7.092683,34.342554,9.952649,7.504188,7.000000
14.729143,6.968205,20.004469,31.614377,21.452002,5.351355,23.525004,3.73408,12.397899,12.665716,10.762904,9.722352,37.792993,13.241082,8.353199,7.000000
11.584081,3.718507,16.684137,34.151091,14.874708,7.496132,25.981685,1.254213,8.303825,10.801131,9.638026,6.390478,38.784811,12.729543,7.501516,7.000000
14.605265,5.472681,19.314052,38.383483,11.145912,4.652948,29.37923,1.348333,8.540942,16.536833,10.644113,7.05644,37.648119,16.858763,3.359874,7.000000
16.463258,5.124401,21.263055,43.048893,6.727378,8.799943,28.933108,1.022189,6.800483,13.666112,9.751872,9.495145,40.943052,15.956659,5.531825,7.000000
16.663812,6.156358,21.808225,40.323043,10.323248,4.398575,29.293839,0.615929,7.05335,15.940794,8.916224,7.550839,39.87682,15.267007,5.556133,7.000000
17.735011,4.767756,22.470537,45.184892,7.731303,6.90091,33.132095,1.477559,7.727021,18.093363,9.518284,10.192781,39.033201,17.372084,7.370482,7.000000
15.021975,4.593467,20.375929,40.849845,10.464022,3.02322,31.108578,0.444898,5.665232,15.114771,8.772231,5.902903,40.333982,11.580447,3.298232,7.000000
18.216907,5.871329,21.453948,43.510632,9.320294,4.113571,32.117697,0.877373,8.128344,17.753848,11.197642,10.897244,38.296307,18.554539,8.752116,7.000000
15.480538,5.027931,21.298674,44.071807,7.126985,3.293251,33.318278,0.631578,6.15994,17.629132,9.002337,5.524958,38.129417,11.967963,3.035364,7.000000
18.551973,7.477143,24.316289,42.729197,9.82674,2.38394,31.104256,0.564714,6.750093,17.156161,8.360067,8.114903,42.86375,11.478006,5.191936,7.000000
19.744436,4.692318,20.812257,47.340644,9.540119,2.461757,34.764406,2.368812,8.258932,18.707529,7.493433,8.472451,36.455179,14.19954,8.060362,7.000000
17.874478,5.140722,22.675902,47.968796,8.164846,4.127861,32.647721,0.556057,7.018871,16.781362,8.153845,8.816047,40.301249,16.026539,8.569265,7.000000
16.582922,4.184071,22.635261,42.207611,13.052442,2.685554,34.400983,0.235977,5.217939,18.574601,10.626225,8.064163,37.748104,15.994637,6.510474,7.000000
15.796983,6.78358,21.352657,41.70677,12.016122,0.818387,31.589325,2.482666,8.024339,18.436144,10.62433,8.218374,43.543266,12.402671,4.895749,7.000000
12.962256,4.765854,18.260849,35.821769,14.750046,2.567491,28.535402,0.924464,8.512964,17.319842,9.565278,5.503321,45.665554,12.210098,3.288165,7.000000
15.602958,5.551884,16.903896,38.5335,27.63452,5.295894,28.900256,3.027206,13.425557,15.670497,15.543238,12.342593,40.551431,24.756885,16.329149,7.000000
13.899909,4.371369,17.403037,37.863261,18.053936,1.178609,29.858299,1.343765,10.855396,16.049846,10.913873,7.834038,43.819419,14.86918,5.35419,7.000000
14.610749,5.596307,17.603131,37.102452,20.884234,4.114418,27.389938,3.811551,11.5128,12.115571,12.513829,10.742435,39.667114,18.670739,8.370404,7.000000
14.611546,4.812304,14.732731,36.796434,25.027415,6.824248,29.326422,4.878356,22.044345,17.527552,21.273454,35.073447,40.346591,49.325022,132.362434,7.000000
8.838447,4.205538,8.285599,23.568975,15.10074,8.886574,19.583465,4.291993,4.067353,1.386141,11.279562,7.122081,34.962856,10.003384,2.812735,7.000000
9.333198,3.583771,13.866455,25.432678,21.602672,9.295956,21.785145,2.538097,5.817105,4.946457,10.474732,7.568131,34.792136,11.682752,2.741607,7.000000
9.024342,3.527683,13.624286,24.704663,16.00784,8.091088,19.036193,2.625719,4.620916,2.955047,10.489509,6.491945,35.708608,10.328397,3.852595,7.000000
15.579207,5.23207,20.93716,40.346567,13.834746,4.608692,29.834348,1.966282,9.324508,18.229264,10.733986,12.160552,41.379242,17.175909,4.99393,7.000000
16.844731,5.278117,21.048787,44.832642,9.776957,2.262636,33.651595,0.365866,7.151608,20.754869,9.95549,8.58214,36.853099,14.696012,6.743119,7.000000
16.731989,5.164445,22.463026,45.732471,9.17438,3.251342,35.387279,2.360757,4.389188,21.655293,6.426162,3.646484,40.910838,9.777458,1.331681,7.000000
5.102473,8.888031,11.276404,37.043108,85.783036,33.044019,58.35372,99.30099,35.114737,52.576803,108.850705,27.574031,47.915219,137.99626,54.406089,7.000000
18.501673,10.233793,20.489452,47.859834,4.26468,4.870017,35.038946,3.27952,2.695705,25.839451,4.950799,1.136718,39.240966,8.464604,1.687113,7.000000
19.992426,9.320672,19.887874,44.219498,4.465321,5.851264,32.66002,4.662987,3.523649,25.68817,5.188477,1.033056,36.016909,8.058539,2.483523,7.000000
